Roll No,name,Marks 1,marks 2,marks 3,total,average,max,min,
1001,hima,98,45,34,162,59,98,34,
1002,indu,67,56,45,168,56,67,45,
1003,indu,79,67,56,177,67,79,56,
1004,lavs,90,78,77,188,82,90,77,
1005,lavs,56,89,88,202,78,89,56,
1006,madhu,34,98,76,208,69,98,34,
1007,madhu,56,87,45,223,63,87,45,
1008,pallu,78,76,69,233,74,78,69,
1009,pallu,89,65,86,240,80,89,65,
1010,teju,34,54,74,245,54,74,34,
,,,,,,,,,
,,,,,,,,,
,,,,,,,,,
Part 1: Conditional Formatting (Student Record Table),,,,,,,,,
"Total Column: If the Total is greater than 200, apply red font color and yellow fill color.",,,,,,,,,
,,,,,,,,,
"Average Column: If the Average is greater than 60, apply blue font color and orange fill color.",,,,,,,,,
,,,,,,,,,
"Max and Min Columns: Apply conditional formatting of your choice (e.g., Data Bars, Color Scales, or Icon Sets).",,,,,,,,,
,,,,,,,,,
"Clear Formatting: Use the ""Clear Formats"" option to remove formatting (Note: This is usually done to practice resetting the sheet).",,,,,,,,,
,,,,,,,,,
Part 2: Custom Cell Styles,,,,,,,,,
Create a New Cell Style: Create a style named after your name and include the following formatting:,,,,,,,,,
,,,,,,,,,
Font color,,,,,,,,,
,,,,,,,,,
"Font style (e.g., Bold, Italic)",,,,,,,,,
,,,,,,,,,
Borders,,,,,,,,,
,,,,,,,,,
Fill color,,,,,,,,,
,,,,,,,,,
Alignments,,,,,,,,,
,,,,,,,,,
Apply Style: Open your Previous Salary Table and apply this new custom cell style to it.,,,,,,,,,
,,,,,,,,,
Part 3: Data Visualization (Charts),,,,,,,,,
Student Record Chart: Insert a chart (such as a Column or Bar chart) for the Student Record data.,,,,,,,,,
,,,,,,,,,
Salary Table Chart: Insert a chart for the Salary Table data.,,,,,,,,,
,,,,,,,,,
Part 4: Data Management (Sorting),,,,,,,,,
Sort by Name: Apply sorting on the Student Record table based on the Name heading (A to Z or Z to A).,,,,,,,,,
,,,,,,,,,
Sort by Total: Apply sorting on the Student Record table based on the Total column (Smallest to Largest or Largest to Smallest).,,,,,,,,,
,,,,,,,,,
,,,,,,,,,
,,,,,,,,,
,,,,,,,,,
,,,,,,,,,
,,,,,,,,,
,,,,,,,,,
,,,,,,,,,
,,,,,,,,,
,,,,,,,,,
,,,,,,,,,
,,,,,,,,,
,,,,,,,,,
,,,,,,,,,
,,,,,,,,,
,,,,,,,,,
,,,,,,,,,
,,,,,,,,,
,,,,,,,,,
,,,,,,,,,
,,,,,,,,,
,,,,,,,,,
,,,,,,,,,
,,,,,,,,,
,,,,,,,,,
,,,,,,,,,
,,,,,,,,,
,,,,,,,,,
